{"name":"demo01_wf02","platform":"node","hash":"MndqlKQRP9h2Cm0eA3TFZkPkDlSqNoQ2toSkWOYWxPs=","blocks":[{"action":"nestor/User/nso - fyre/demo01_wf01","name":"Get_Devices_Netbox"}, {"action":"assign","name":"Assign_1_2_2_1","variable":"$device_info_list","value":"$Get_Devices_Netbox.device_info_list"}, {"action":"foreach","name":"ForEach_devices_arista","blocks":[{"action":"system/Common/String/StringBase64Encode","name":"StringBase64Encode_1","inputs":[{"name":"str","value":"$payload_arista_ceos"},{"name":"encoding","value":"\"utf-8\""}]},{"action":"system/FaaS/Python","name":"FaaS_1_build_json_arista","inputs":[{"name":"code","value":"`import base64\nfrom jinja2 import Environment\n\njson_string = base64.b64decode(payload_arista_ceos).decode('utf-8')\nenv = Environment()\ntemplate = env.from_string(json_string)\n\njson_output = template.render(snmpv3_user=snmpv3_user, snmpv3_password=snmpv3_password, snmpv3_key=snmpv3_key)\nprint(json_output)\n`"},{"name":"parameters","value":"{\n    \"snmpv3_user\": $ForEach_devices_arista.item.snmpv3_user,\n    \"snmpv3_password\": $ForEach_devices_arista.item.snmpv3_password,\n    \"snmpv3_key\": $ForEach_devices_arista.item.snmpv3_key,\n    \"payload_arista_ceos\": $StringBase64Encode_1.result\n}"}]},{"action":"assign","name":"Assign_1_2_2","variable":"$result","value":"$FaaS_1_build_json_arista.result"},{"action":"system/Common/HttpRequest","name":"HttpRequest_arista","inputs":[{"name":"method","value":"\"POST\""},{"name":"host","value":"$host"},{"name":"protocol","value":"\"https\""},{"name":"port","value":"$ForEach_devices_arista.item.api_port"},{"name":"path","value":"\"command-api\""},{"name":"headers","value":"{\n    \"Content-Type\": \"application/json\"\n}"},{"name":"body","value":"$FaaS_1_build_json_arista.result"},{"name":"authKey","value":"$credentials_arista"},{"name":"responseEncoding","value":"\"utf-8\""}]},{"action":"system/Common/Status Message Update","name":"StatusMessageUpdate_1","inputs":[{"name":"message","value":"\"JSON-RPC Output from: \" + $host + \":\" + $ForEach_devices_arista.item + \" Result >>> \" + $HttpRequest_arista.statusCode"}]},{"action":"if","name":"If_1","then":[{"action":"assign","name":"Assign_1","variable":"$result","value":"$HttpRequest_arista.result"},{"action":"system/Common/ArrayPush","name":"ArrayPush_1","inputs":[{"name":"array","value":"$json_rpc_output"},{"name":"item","value":"\"Result for device: \" + $ForEach_devices_arista.item.name + \" HTTP Status Code: \" + $HttpRequest_arista.statusCode"}]}],"else":[{"action":"assign","name":"Assign_1_2","variable":"$result","value":"\"HTTP Error code: \" + $HttpRequest_arista.statusCode"},{"action":"exit"}],"condition":"$HttpRequest_arista.statusCode == 200"}],"list":"$Get_Devices_Netbox.devices_arista"}, {"action":"foreach","name":"ForEach_devices_nokia","blocks":[{"action":"system/Common/String/StringBase64Encode","name":"StringBase64Encode_nokia","inputs":[{"name":"str","value":"$payload_nokia_srlinux"},{"name":"encoding","value":"\"utf-8\""}]},{"action":"system/FaaS/Python","name":"FaaS_1_build_json_nokia","inputs":[{"name":"code","value":"`import base64\nfrom jinja2 import Environment\n\njson_string = base64.b64decode(payload_nokia_srlinux).decode('utf-8')\nenv = Environment()\ntemplate = env.from_string(json_string)\n\njson_output = template.render(snmpv3_user=snmpv3_user, snmpv3_password=snmpv3_password, snmpv3_key=snmpv3_key)\nprint(json_output)\n`"},{"name":"parameters","value":"{\n    \"snmpv3_user\": $ForEach_devices_nokia.item.snmpv3_user,\n    \"snmpv3_password\": $ForEach_devices_nokia.item.snmpv3_password,\n    \"snmpv3_key\": $ForEach_devices_nokia.item.snmpv3_key,\n    \"payload_nokia_srlinux\": $StringBase64Encode_nokia.result\n}"}]},{"action":"assign","name":"Assign_1_2_2_2","variable":"$result","value":"$FaaS_1_build_json_nokia.result"},{"action":"system/Common/HttpRequest","name":"HttpRequest_nokia","inputs":[{"name":"method","value":"\"POST\""},{"name":"host","value":"$host"},{"name":"protocol","value":"\"http\""},{"name":"port","value":"$ForEach_devices_nokia.item.api_port"},{"name":"path","value":"\"jsonrpc\""},{"name":"headers","value":"{\n    \"Content-Type\": \"application/json\"\n}"},{"name":"body","value":"$FaaS_1_build_json_nokia.result"},{"name":"authKey","value":"$credentials_nokia"},{"name":"responseEncoding","value":"\"utf-8\""}]},{"action":"system/Common/Status Message Update","name":"StatusMessageUpdate_1_1","inputs":[{"name":"message","value":"\"JSON-RPC Output from: \" + $host + \":\" + $ForEach_devices_nokia.item + \" Result >>> \" + $HttpRequest_nokia.statusCode"}]},{"action":"if","name":"If_1_1","then":[{"action":"assign","name":"Assign_1_1","variable":"$result","value":"$HttpRequest_nokia.result"},{"action":"system/Common/ArrayPush","name":"ArrayPush_1_1","inputs":[{"name":"array","value":"$json_rpc_output"},{"name":"item","value":"\"Result for device: \" + $ForEach_devices_nokia.item.name + \" HTTP Status Code: \" + $HttpRequest_nokia.statusCode"}]}],"else":[{"action":"assign","name":"Assign_1_2_1","variable":"$result","value":"\"HTTP Error code: \" + $HttpRequest_nokia.statusCode"},{"action":"exit"}],"condition":"$HttpRequest_nokia.statusCode == 200"}],"list":"$Get_Devices_Netbox.devices_nokia"}],"variables":[{"name":"result","required":false,"isInput":false,"isOutput":true,"level":"INTERMEDIATE","type":{"type":"any"},"value":"\"\""},{"name":"host","required":false,"isInput":false,"isOutput":false,"level":"INTERMEDIATE","type":{"type":"string"},"value":"\"9.46.80.134\""},{"name":"credentials_arista","required":false,"isInput":false,"isOutput":false,"level":"INTERMEDIATE","type":{"type":"object"},"value":"{\n    \"username\": \"admin\",\n    \"password\": \"admin\"\n}"},{"name":"payload_arista_ceos","required":false,"isInput":false,"isOutput":false,"level":"INTERMEDIATE","type":{"type":"string"},"value":"`\n{\n    \"jsonrpc\": \"2.0\",\n    \"id\": 0,\n    \"method\": \"runCmds\",\n\n    \"params\": {\n        \"version\": 1,\n\n        \"cmds\": [\n            \"enable\",\n            \"configure\",\n            \"snmp-server view all-items iso included\",\n            \"snmp-server group ag1 v3 priv read all-items\",\n            \"snmp-server user {{ snmpv3_user }} ag1 v3 auth md5 {{ snmpv3_password }} priv des {{ snmpv3_key }}\",\n            \"end\"\n        ]\n    }\n}\n`"},{"name":"payload_nokia_srlinux","required":false,"isInput":false,"isOutput":false,"level":"INTERMEDIATE","type":{"type":"string"},"value":"`\n{\n    \"jsonrpc\": \"2.0\",\n    \"id\": 0,\n    \"method\": \"set\",\n\n    \"params\": {\n        \"commands\": [{\n            \"action\": \"update\",\n            \"path\": \"/system/snmp/access-group[name=ag1]\",\n\n            \"value\": {\n                \"admin-state\": \"enable\",\n                \"security-level\": \"auth-priv\"\n            }\n        }, {\n            \"action\": \"update\",\n            \"path\": \"/system/snmp/access-group[name=ag1]/security-entry[name=se1]\",\n\n            \"value\": {\n                \"user\": \"{{ snmpv3_user }}\"\n            }\n        }, {\n            \"action\": \"update\",\n            \"path\": \"/system/snmp/access-group[name=ag1]/security-entry[name=se1]/authentication\",\n\n            \"value\": {\n                \"password\": \"{{ snmpv3_password }}\",\n                \"protocol\": \"hmac-md5-96\"\n            }\n        }, {\n            \"action\": \"update\",\n            \"path\": \"/system/snmp/access-group[name=ag1]/security-entry[name=se1]/privacy\",\n\n            \"value\": {\n                \"password\": \"{{ snmpv3_key }}\",\n                \"protocol\": \"cbc-des\"\n            }\n        }]\n    }\n}\n`"},{"name":"credentials_nokia","required":false,"isInput":false,"isOutput":false,"level":"INTERMEDIATE","type":{"type":"object"},"value":"{\n    \"username\": \"admin\",\n    \"password\": \"NokiaSrl1!\"\n}"},{"name":"device_info_list","required":false,"isInput":false,"isOutput":false,"level":"INTERMEDIATE","type":{"type":"array"},"value":"[]"},{"name":"devices_arista","required":false,"isInput":false,"isOutput":false,"level":"INTERMEDIATE","type":{"type":"array"},"value":"[]"},{"name":"devices_nokia","required":false,"isInput":false,"isOutput":false,"level":"INTERMEDIATE","type":{"type":"array"},"value":"[]"},{"name":"json_rpc_output","required":false,"isInput":false,"isOutput":true,"level":"INTERMEDIATE","type":{"type":"array"},"value":"[]"}],"meta":{"version":5,"description":"Using JSON/RPC to configure SNMPv3 on Nokia SRLinux and Arista switches.","layout":"flow","workerGroup":"default","created":1740510932314,"lastUpdated":1741961541261,"numberOfBlocks":12},"finally":null}