{"name":"demo01_wf01","platform":"node","hash":"w83VN8+8Lq1CWaFY6koZMKXph7Y9Hx+n6k3xQBWXrFY=","blocks":[{"action":"system/Common/HttpRequest","name":"HttpRequest_get_dev_list","inputs":[{"name":"method","value":"\"GET\""},{"name":"host","value":"$netbox_host"},{"name":"protocol","value":"\"http\""},{"name":"port","value":"$netbox_port"},{"name":"path","value":"$path"},{"name":"headers","value":"$headers"}]}, {"action":"assign","name":"Assign_1_1_1","variable":"$result","value":"$HttpRequest_get_dev_list","skipped":true}, {"action":"foreach","name":"ForEach_1","blocks":[{"action":"assign","name":"Assign_1_1","variable":"$result","value":"$ForEach_1.item"},{"action":"system/Common/ArrayPush","name":"ArrayPush_1","inputs":[{"name":"array","value":"$device_info_list"},{"name":"item","value":"{\n    \"name\": $ForEach_1.item.name,\n    \"snmpv3_user\": $ForEach_1.item.custom_fields.snmpv3_user,\n    \"snmpv3_password\": $ForEach_1.item.custom_fields.snmpv3_password,\n    \"snmpv3_key\": $ForEach_1.item.custom_fields.snmpv3_key,\n    \"snmpv3_port\": $ForEach_1.item.custom_fields.snmpv3_port,\n    \"vendor\": $ForEach_1.item.device_type.manufacturer.name,\n    \"api_port\": $ForEach_1.item.custom_fields.api_port\n}"}]},{"action":"if","name":"If_1","then":[{"action":"system/Common/ArrayPush","name":"ArrayPush_1_1","inputs":[{"name":"array","value":"$devices_arista"},{"name":"item","value":"{\n    \"name\": $ForEach_1.item.name,\n    \"snmpv3_user\": $ForEach_1.item.custom_fields.snmpv3_user,\n    \"snmpv3_password\": $ForEach_1.item.custom_fields.snmpv3_password,\n    \"snmpv3_key\": $ForEach_1.item.custom_fields.snmpv3_key,\n    \"snmpv3_port\": $ForEach_1.item.custom_fields.snmpv3_port,\n    \"vendor\": $ForEach_1.item.device_type.manufacturer.name,\n    \"api_port\": $ForEach_1.item.custom_fields.api_port\n}"}]}],"else":[],"condition":"$ForEach_1.item.device_type.manufacturer.name == \"Arista\""},{"action":"if","name":"If_1_1","then":[{"action":"system/Common/ArrayPush","name":"ArrayPush_1_1_1","inputs":[{"name":"array","value":"$devices_nokia"},{"name":"item","value":"{\n    \"name\": $ForEach_1.item.name,\n    \"snmpv3_user\": $ForEach_1.item.custom_fields.snmpv3_user,\n    \"snmpv3_password\": $ForEach_1.item.custom_fields.snmpv3_password,\n    \"snmpv3_key\": $ForEach_1.item.custom_fields.snmpv3_key,\n    \"snmpv3_port\": $ForEach_1.item.custom_fields.snmpv3_port,\n    \"vendor\": $ForEach_1.item.device_type.manufacturer.name,\n    \"api_port\": $ForEach_1.item.custom_fields.api_port\n}"}]}],"else":[],"condition":"$ForEach_1.item.device_type.manufacturer.name == \"Nokia\""}],"list":"$HttpRequest_get_dev_list.result.results"}],"variables":[{"name":"result","required":false,"isInput":false,"isOutput":false,"level":"INTERMEDIATE","type":{"type":"any"},"value":"\"\""},{"name":"headers","required":false,"isInput":true,"isOutput":false,"level":"INTERMEDIATE","type":{"type":"object"},"value":"{\n    \"Authorization\": \"Token 55a6ae052ae5238a0169457241df074764d0fd13\"\n}"},{"name":"path","required":false,"isInput":true,"isOutput":false,"level":"INTERMEDIATE","type":{"type":"string"},"value":"\"/api/dcim/devices/\""},{"name":"netbox_host","required":false,"isInput":true,"isOutput":false,"level":"INTERMEDIATE","type":{"type":"string"},"value":"\"9.46.80.134\""},{"name":"netbox_port","required":false,"isInput":true,"isOutput":false,"level":"INTERMEDIATE","type":{"type":"number"},"value":"8000"},{"name":"device_info_list","required":false,"isInput":true,"isOutput":true,"level":"INTERMEDIATE","type":{"type":"array"},"value":"[]"},{"name":"devices_arista","required":false,"isInput":false,"isOutput":true,"level":"INTERMEDIATE","type":{"type":"array"},"value":"[]"},{"name":"devices_nokia","required":false,"isInput":false,"isOutput":true,"level":"INTERMEDIATE","type":{"type":"array"},"value":"[]"}],"meta":{"version":5,"layout":"flow","workerGroup":"default","created":1740510563391,"lastUpdated":1741960022117,"numberOfBlocks":8,"description":"Get the device list and information from Netbox."},"finally":null}