{"name":"Provision_Devices_to_SevOne_from_netbox v2","platform":"node","hash":"FNBGcMHufNBJQt1UKj0FDhL2tzvzMKe85PZVGfLSG5U=","blocks":[{"action":"nestor/User/nso - fyre/demo01_wf01","name":"Get_Devices_Netbox"}, {"action":"assign","name":"Assign_1","variable":"$device_info_list","value":"$Get_Devices_Netbox.device_info_list"}, {"action":"foreach","name":"ForEach_1","blocks":[{"action":"system/SevOne/REST v2/Devices/Filter Device","name":"SevOne_4","inputs":[{"name":"authKey","value":"\"nestor/sevone_nms_7\""},{"name":"filter","value":"{\n    \"name\": $ForEach_1.item.name\n}"}]},{"action":"if","name":"If_2","then":[{"action":"system/Common/ArrayPush","name":"ArrayPush_tbo","inputs":[{"name":"array","value":"$to_be_onboarded"},{"name":"item","value":"\"Device: \" + $ForEach_1.item.name + \" to be onboarded in SevOne\""}]},{"action":"system/SevOne/REST v3/Devices/Devices Create","name":"SevOne_1","inputs":[{"name":"authKey","value":"\"nestor/sevone_nms_7\""},{"name":"body","value":"{\n    \"ipAddress\": $mgmt_ip,\n    \"name\": $ForEach_1.item.name\n}"}]},{"action":"system/SevOne/REST v3/Devices/Devices Edit Device","name":"SevOne_2","inputs":[{"name":"authKey","value":"\"nestor/sevone_nms_7\""},{"name":"body","value":"{\n    \"commit\": true,\n    \"device\": {\n        \"config\": {\n            \"allowDelete\": true,\n            \"ipAddress\": $mgmt_ip,\n            \"name\": $ForEach_1.item.name\n        },\n        \"plugins\": {\n            \"snmp\": {\n                \"versionPreference\": \"V3\",\n                \"port\": $ForEach_1.item.snmpv3_port,\n                \"credentialsSnmpV3\": {\n                    \"encryptionKey\": $ForEach_1.item.snmpv3_key,\n                    \"encryptionType\": \"ENC_DES\",\n                    \"password\": $ForEach_1.item.snmpv3_password,\n                    \"username\": $ForEach_1.item.snmpv3_user,\n                    \"authenticationType\": \"AUTH_MD5\"\n                },\n                \"enabled\": true\n            }\n        }\n    },\n    \"deviceId\": $SevOne_1.result.id\n}"}]},{"action":"if","name":"If_1","then":[{"action":"assign","name":"YES_inserted_1_1","variable":"$result","value":"\"Device onboarded to SevOne > ID: \" + $SevOne_1.result.id"},{"action":"system/Common/ArrayPush","name":"ArrayPush_inserted_1_1","inputs":[{"name":"array","value":"$devices_provisionated"},{"name":"item","value":"\"Device onboarded: \" + $ForEach_1.item.name + \" SevOne device ID: \" + $SevOne_1.result.id"}]},{"action":"system/Common/Sleep","name":"Sleep_1","inputs":[{"name":"seconds","value":"15"}]}],"else":[{"action":"assign","name":"NO_inserted_1_1","variable":"$result","value":"\"not inserted\""}],"condition":"Object.keys($SevOne_2.result).length === 0"}],"else":[{"action":"system/Common/ArrayPush","name":"ArrayPush_ao","inputs":[{"name":"array","value":"$already_devices"},{"name":"item","value":"\"Device: \" + $ForEach_1.item.name + \" already onboarded in SevOne\""}]}],"condition":"$SevOne_4.result.totalElements == 0"}],"list":"$device_info_list"}],"variables":[{"name":"result","required":false,"isInput":false,"isOutput":false,"level":"INTERMEDIATE","type":{"type":"any"},"value":"\"\""},{"name":"mgmt_ip","required":false,"isInput":false,"isOutput":false,"level":"INTERMEDIATE","type":{"type":"string"},"value":"\"9.46.80.134\""},{"name":"snmpv3_user","required":false,"isInput":false,"isOutput":false,"level":"INTERMEDIATE","type":{"type":"string"},"value":"\"sevone\""},{"name":"devices_provisionated","required":false,"isInput":false,"isOutput":true,"level":"INTERMEDIATE","type":{"type":"array"},"value":"[]"},{"name":"device_info_list","required":false,"isInput":false,"isOutput":false,"level":"INTERMEDIATE","type":{"type":"array"},"value":"[]"},{"name":"already_devices","required":false,"isInput":false,"isOutput":true,"level":"INTERMEDIATE","type":{"type":"array"},"value":"[]"},{"name":"to_be_onboarded","required":false,"isInput":false,"isOutput":false,"level":"INTERMEDIATE","type":{"type":"array"},"value":"[]"}],"meta":{"version":5,"layout":"flow","workerGroup":"default","created":1740773925564,"lastUpdated":1741961055144,"numberOfBlocks":12,"description":"Getting the devices info from Netbox v2"},"finally":null}